feedback_id,feedback_text
user_1,EndingLoneliness has truly changed my life. I’ve made meaningful connections and no longer feel isolated!
user_2,I love the group calls! Talking to people who understand me has helped boost my confidence.
user_3,The forum discussions are so engaging. It feels like a safe space to share my thoughts without judgment.
user_4,"I used to feel alone every evening, but thanks to this platform, I have a supportive community."
user_5,This is the best platform I’ve found for connecting with like-minded individuals. Highly recommended!
user_6,The real-time emotional insights helped me understand my own mental well-being better.
user_7,I never thought virtual friendships could feel this real! The platform really fosters genuine connections.
user_8,"The interface is super easy to use, and I love how the platform encourages active participation."
user_9,"Since joining, I’ve gone from feeling lonely every day to feeling connected and supported."
user_10,"EndingLoneliness doesn’t just provide social interactions, it truly fosters a sense of belonging."
user_11,I’ve met people from around the world and finally feel understood. This platform is amazing!
user_12,The discussions on loneliness and mental health are really insightful and helpful.
user_13,EndingLoneliness has given me a reason to look forward to my evenings. I love the community!
user_14,"I was skeptical at first, but after a month of using this, I’ve genuinely felt happier and more connected."
user_15,Having a place where I can openly share my thoughts without fear of judgment is invaluable.
user_16,"The group calls are so well-moderated, and I feel safe opening up in them."
user_17,I appreciate how easy it is to find like-minded individuals and have deep conversations.
user_18,The platform helped me reconnect with socializing in a way I never thought possible.
user_19,"I used to be very shy, but participating in the discussions has made me more confident."
user_20,"EndingLoneliness is not just a platform, it’s a movement towards genuine human connection!"
user_21,I feel a sense of belonging here that I haven’t felt in years.
user_22,"The design of the platform makes it easy to engage, and I love how intuitive it is!"
user_23,I no longer feel like I’m battling loneliness alone. This platform has truly helped me.
user_24,It’s comforting to know that there are so many people going through similar experiences.
user_25,"The platform is good, but I wish there were more features for one-on-one conversations."
user_26,"I like the community aspect, but sometimes I find it hard to keep up with discussions."
user_27,"The group calls are nice, but I don’t always find people I relate to."
user_28,"I appreciate what this platform is trying to do, but I’m not sure if it’s the right fit for me."
user_29,"The service is decent, but I haven’t noticed a significant change in my loneliness yet."
user_30,"I like the platform, but I wish there were more structured discussions."
user_31,It would be great to have an option to filter group calls based on topics of interest.
user_32,"The platform is helpful, but sometimes discussions don’t go deep enough for me."
user_33,"I like being here, but I don’t engage as much as I probably should."
user_34,"It’s a nice concept, but I still haven’t made strong connections yet."
user_35,I wish there were more ways to interact outside of group calls.
user_36,Sometimes I find the platform quiet when I really need someone to talk to.
user_37,"I tried using this for weeks, but I still feel disconnected from the conversations."
user_38,"Some discussions feel repetitive, and I struggle to find new insights."
user_39,"I was hoping for deeper engagement, but I often feel like I’m just a spectator."
user_40,"I expected more active engagement, but I often find myself in empty or inactive group calls."
